,DFIRE,RASP-ENERGY,RASP-NB-CONTACTS,RASP-NORMALIZED-ENERGY,BARNABA-eSCORE,rsRNASP,cgRNASP,cgRNASP-C,cgRNASP-PC,TB-MCQ
alphafold3_rp03_1.pdb,-69648.172,-40771.6,459834.0,-0.089,2.927,-11101.993,-717.066,-1409.116,-375.154,8.668023695885108
mcsym_rp03.pdb,-51369.644,-35475.1,354218.0,-0.1,2.412,-6397.768,-427.899,-903.155,-185.817,26.054367861481413
rnacomposer_rp03.pdb,-56863.873,-37084.8,352273.0,-0.105,1.763,-7423.326,-497.491,-1128.201,-266.185,14.055185391331245
vfoldpipeline_rp03.pdb,-61992.161,-38414.6,410582.0,-0.094,2.698,-7771.96,-499.487,-1147.745,-274.279,10.876911737832852
3drna_rp03_1.pdb,-55417.618,-35633.2,383517.0,-0.093,1.841,-7495.496,-479.007,-1091.517,-238.849,26.626983508153387
best_rp03_1.pdb,-65818.33,-46764.4,440972.0,-0.106,2.202,-7600.07,-592.66,-1295.887,-309.577,16.89397004121238
trrosettarna_rp03_1.pdb,-59696.014,-32672.3,449061.0,-0.073,2.032,-7329.853,-535.427,-1188.969,-302.086,21.52776663941575
rhofold_rp03.pdb,-54791.666,-28479.5,428758.0,-0.066,1.432,-7211.779,-504.699,-1172.255,-279.17,46.177170481979104
