,RMSD,P-VALUE,INF-ALL,INF-WC,INF-NWC,INF-STACK,DI,BARNABA-RMSD,BARNABA-eRMSD,BARNABA-eSCORE,GDT-TS,GDT-TS@1,GDT-TS@2,GDT-TS@4,GDT-TS@8,TM-score,MCQ,CAD,lDDT,LCS-TA-COVERAGE-10,LCS-TA-RESIDUES-10
best_R1107_1.pdb,4.515,0.0,0.834,0.935,0.5,0.804,5.417,0.43,1.054,1.97,0.656,0.275,0.551,0.826,0.971,0.564,18.15,,0.724,15.942,11.0
trrosettarna_r1107_1.pdb,13.352,5.899365773665011e-09,0.626,0.758,0.0,0.604,21.315,1.355,1.456,1.213,0.257,0.145,0.203,0.275,0.406,0.23,31.95,0.737,0.468,4.348,3.0
rhofold_r1107.pdb,14.725,3.913157456403305e-07,0.47,0.309,0.0,0.595,31.332,1.509,1.948,0.893,0.232,0.101,0.159,0.261,0.406,0.282,58.95,0.65,0.36,1.449,1.0
alphafold3_R1107_1.pdb,15.216,1.525237449784278e-06,0.804,0.956,0.0,0.78,18.925,1.614,1.354,1.951,0.265,0.174,0.203,0.261,0.42,0.211,19.01,0.787,0.527,10.145,7.0
rnacomposer_r1107.pdb,17.056,0.0001336828343314,0.55,0.326,0.0,0.667,30.985,1.781,1.906,1.482,0.228,0.145,0.203,0.232,0.333,0.209,27.83,0.664,0.377,7.246,5.0
mcsym_r1107_1.pdb,18.053,0.0009969944763257,0.539,0.312,,0.648,33.464,1.817,2.004,1.824,0.265,0.13,0.217,0.29,0.42,0.213,36.53,0.665,0.004,1.449,1.0
vfoldpipeline_r1107.pdb,22.448,0.2580977560869933,0.53,0.342,0.0,0.617,42.37,2.314,1.994,1.771,0.206,0.116,0.203,0.232,0.275,0.241,23.97,0.659,0.375,8.696,6.0
3drna_r1107_1.pdb,22.716,0.3084696086826284,0.583,0.35,0.0,0.692,38.979,2.333,1.955,1.48,0.221,0.13,0.217,0.246,0.29,0.289,29.32,0.662,0.38,8.696,6.0
