,alpha,beta,gamma,delta,epsilon,zeta,chi,phase,eta,theta
alphafold3_rp03_1.pdb,13.856486447053507,9.126668917289942,10.27582727029634,5.103976076954611,8.060135536557,11.085159445738354,8.361946866910836,4.392397521670393,10.418348566135837,13.832572772477748
mcsym_rp03.pdb,58.27302037450083,16.889691214773844,49.65184315862034,22.64532705803986,18.46401237490599,26.29875350383588,15.378298261327028,14.834230383130526,23.270168100635143,22.78574299479504
rnacomposer_rp03.pdb,18.817560121752802,14.368602685823674,21.40307551440617,7.796841879678562,11.116989127747585,18.19197774371203,10.790923927966116,12.592865462148918,9.6444602009051,16.2284291556769
vfoldpipeline_rp03.pdb,15.810224021703906,10.286100550485774,7.042271224715792,5.468407680312051,16.835282474814626,14.694583055812588,8.906557159271072,9.969500762271265,12.413762160740418,17.81670175221401
3drna_rp03_1.pdb,42.16151491556628,28.018054031503226,29.71833871973029,23.285799736656703,34.30356882997262,25.45961119357431,11.485094279748113,24.4615330544928,17.17163265210584,23.514628540204782
best_rp03_1.pdb,28.95200181278223,16.83780569792331,25.027089717034542,8.938081871708825,16.788726675677307,16.67989416778223,9.680879761344235,17.49003216654828,13.49948920172721,16.90453310959616
trrosettarna_rp03_1.pdb,32.434343429297584,16.21076859511953,34.924684508362745,11.954900493830715,17.740174212496047,25.143467985266234,16.549210216717338,21.071607765992294,21.524853917541158,23.379007506913865
rhofold_rp03.pdb,102.18052767662347,40.83404765055636,78.85402635249045,43.813193507593716,33.280135479262995,48.47095035577742,18.958168630197356,42.85343655216604,20.572273431752095,29.355135172649764
