,DFIRE,RASP-ENERGY,RASP-NB-CONTACTS,RASP-NORMALIZED-ENERGY,BARNABA-RMSD,BARNABA-eRMSD,BARNABA-eSCORE,rsRNASP,cgRNASP,cgRNASP-C,cgRNASP-PC,TB-MCQ
normalized_alphafold3_rp03_1.pdb,0.5476186275482178,1.0050756931304932,1.0050756931304932,1.0050756931304932,0.1472947597503662,0.2508082389831543,0.1362333297729492,2.262937545776367,0.1727011203765869,0.1253473758697509,0.1449618339538574,5.2291014194488525
normalized_mcsym_rp03.pdb,0.4578700065612793,1.0218226909637451,1.0218226909637451,1.0218226909637451,0.2156703472137451,0.1312763690948486,0.2118396759033203,1.9859287738800049,0.1595468521118164,0.1146240234375,0.1402435302734375,4.326588869094849
normalized_rnacomposer_rp03.pdb,0.4727821350097656,1.032948017120361,1.032948017120361,1.032948017120361,0.1278533935546875,0.2075569629669189,0.1355783939361572,1.9204816818237305,0.1583757400512695,0.1173768043518066,0.1356816291809082,4.312448024749756
normalized_vfoldpipeline_rp03.pdb,0.5354046821594238,1.014509916305542,1.014509916305542,1.014509916305542,0.2050223350524902,0.1316697597503662,0.213942289352417,1.9072926044464111,0.1628484725952148,0.123537540435791,0.1393108367919922,4.288916110992432
normalized_3drna_rp03_1.pdb,0.4987356662750244,1.0077061653137207,1.0077061653137207,1.0077061653137207,0.1278142929077148,0.218712568283081,0.1354475021362304,1.8931705951690676,0.1591577529907226,0.116121768951416,0.1335213184356689,4.259977102279663
normalized_best_rp03_1.pdb,0.5426745414733887,0.9611103534698486,0.9611103534698486,0.9611103534698486,0.2314767837524414,0.1413745880126953,0.222400426864624,1.9109370708465576,0.1602792739868164,0.1210803985595703,0.1371247768402099,4.308827638626099
normalized_trrosettarna_rp03_1.pdb,0.535181999206543,0.94991135597229,0.94991135597229,0.94991135597229,0.1310250759124755,0.2408912181854248,0.1368281841278076,1.924968957901001,0.1625089645385742,0.1203811168670654,0.1356029510498047,4.404133081436157
normalized_rhofold_rp03.pdb,0.516404390335083,0.9727225303649902,0.9727225303649902,0.9727225303649902,0.2288589477539062,0.1344544887542724,0.2213978767395019,1.911179780960083,0.1605176925659179,0.1193933486938476,0.1366078853607177,4.32556414604187
